{
  "logreg": {
    "val": {
      "roc_auc": 0.778158694787865,
      "pr_auc": 0.5556777055090916,
      "log_loss": 0.5547760522276803,
      "brier": 0.18055068560913076,
      "accuracy": 0.7822222222222223,
      "threshold": 0.5
    },
    "test": {
      "roc_auc": 0.7640562297937619,
      "pr_auc": 0.5281686277451345,
      "log_loss": 0.5621615827261968,
      "brier": 0.18387969575552046,
      "accuracy": 0.7764444444444445,
      "threshold": 0.5
    }
  },
  "xgb": {
    "val": {
      "roc_auc": 0.7837788078408592,
      "pr_auc": 0.5659466387402068,
      "log_loss": 0.425552407964713,
      "brier": 0.13218605684392065,
      "accuracy": 0.8222222222222222,
      "threshold": 0.5
    },
    "test": {
      "roc_auc": 0.778939347235464,
      "pr_auc": 0.5580230341511031,
      "log_loss": 0.429941988718079,
      "brier": 0.13456619014493232,
      "accuracy": 0.8197777777777778,
      "threshold": 0.5
    }
  }
}