{
  "config": {
    "seed": 42,
    "prior_sigma": 1.0
  },
  "map": {
    "alpha": -0.830344254259852
  },
  "mcmc": {
    "val": {
      "roc_auc": 0.6512304016214367,
      "pr_auc": 0.4441023706146765,
      "log_loss": 0.5986235392948962,
      "brier": 0.20481174334397406,
      "accuracy": 0.6630065359477124,
      "threshold": 0.5
    },
    "test": {
      "roc_auc": 0.6552431200223658,
      "pr_auc": 0.4416879166723203,
      "log_loss": 0.5902111144480797,
      "brier": 0.20168378466184625,
      "accuracy": 0.6726666666666666,
      "threshold": 0.5
    },
    "val_uncertainty": {
      "mean_std_p": 0.22071013776517168,
      "p95_std_p": 0.4407900111150739
    },
    "test_uncertainty": {
      "mean_std_p": 0.21878258400798778,
      "p95_std_p": 0.4414798630485307
    }
  }
}