{
  "config": {
    "seed": 42,
    "priors": [
      0.5,
      1.0,
      2.0,
      5.0
    ]
  },
  "runs": {
    "sigma_0.5": {
      "val": {
        "roc_auc": 0.6506689458201104,
        "pr_auc": 0.4435974464099155,
        "log_loss": 0.5986460029727868,
        "brier": 0.2048455426639717,
        "accuracy": 0.6627450980392157,
        "threshold": 0.5
      },
      "test": {
        "roc_auc": 0.6548204646628291,
        "pr_auc": 0.44106481293789856,
        "log_loss": 0.5902063771699291,
        "brier": 0.20169338543451423,
        "accuracy": 0.6726666666666666,
        "threshold": 0.5
      },
      "val_uncertainty": {
        "mean_std_p": 0.2203825542154461,
        "p95_std_p": 0.44071076163412815
      },
      "test_uncertainty": {
        "mean_std_p": 0.2184552993892807,
        "p95_std_p": 0.4413171374111301
      }
    },
    "sigma_1.0": {
      "val": {
        "roc_auc": 0.6512244497931541,
        "pr_auc": 0.4439044333048951,
        "log_loss": 0.5986336160095229,
        "brier": 0.20481261273413134,
        "accuracy": 0.6624836601307189,
        "threshold": 0.5
      },
      "test": {
        "roc_auc": 0.6552869913045972,
        "pr_auc": 0.44196318878533014,
        "log_loss": 0.5901840077455972,
        "brier": 0.20167414504517814,
        "accuracy": 0.6722222222222223,
        "threshold": 0.5
      },
      "val_uncertainty": {
        "mean_std_p": 0.2207043680740436,
        "p95_std_p": 0.44091044121129946
      },
      "test_uncertainty": {
        "mean_std_p": 0.21878088415668046,
        "p95_std_p": 0.4413927635215454
      }
    },
    "sigma_2.0": {
      "val": {
        "roc_auc": 0.6512522249918063,
        "pr_auc": 0.44409600425764995,
        "log_loss": 0.5985794679760972,
        "brier": 0.20478178818399584,
        "accuracy": 0.6632679738562092,
        "threshold": 0.5
      },
      "test": {
        "roc_auc": 0.6553727266862128,
        "pr_auc": 0.44151320097905666,
        "log_loss": 0.5903017465912794,
        "brier": 0.20170348566976823,
        "accuracy": 0.6728888888888889,
        "threshold": 0.5
      },
      "val_uncertainty": {
        "mean_std_p": 0.22088336605469405,
        "p95_std_p": 0.440890646729383
      },
      "test_uncertainty": {
        "mean_std_p": 0.21897472326871406,
        "p95_std_p": 0.44181269268730133
      }
    },
    "sigma_5.0": {
      "val": {
        "roc_auc": 0.651005422512354,
        "pr_auc": 0.44382680855612383,
        "log_loss": 0.598646714645221,
        "brier": 0.20481007755208724,
        "accuracy": 0.6630065359477124,
        "threshold": 0.5
      },
      "test": {
        "roc_auc": 0.6552973139592397,
        "pr_auc": 0.4402145399544747,
        "log_loss": 0.5904703590159798,
        "brier": 0.20174133261925922,
        "accuracy": 0.6731111111111111,
        "threshold": 0.5
      },
      "val_uncertainty": {
        "mean_std_p": 0.22096688292037162,
        "p95_std_p": 0.4410616403896637
      },
      "test_uncertainty": {
        "mean_std_p": 0.21906934383969962,
        "p95_std_p": 0.4419074847129965
      }
    }
  }
}